{"train_samples_per_second":3.832,"_timestamp":1.7689303073413804e+09,"train/learning_rate":4.1105660840368154e-10,"train/grad_norm":1.251730475541602,"train_steps_per_second":0.121,"total_flos":1.9557154553856e+13,"train_runtime":2256.2361,"train/epoch":3,"_wandb":{"runtime":2255},"train/global_step":273,"_step":273,"train_loss":0.6686696802085136,"_runtime":2255,"train/loss":0.5019}