{"_wandb":{"runtime":1745},"_step":210,"total_flos":1.6372394360832e+13,"train/epoch":3,"_runtime":1745,"train/learning_rate":6.907265444716649e-10,"train_runtime":1746.5273,"train_loss":0.6366040103492283,"train/global_step":210,"train/loss":0.5393,"_timestamp":1.7689239451675549e+09,"train_samples_per_second":3.848,"train_steps_per_second":0.12,"train/grad_norm":1.0086825828794783}