{"total_flos":2.2074303184896e+13,"train_loss":0.6861909958449277,"_runtime":2697,"train_samples_per_second":3.908,"_step":330,"train/loss":0.6631,"train/learning_rate":2.797195404247166e-10,"_wandb":{"runtime":2697},"train_steps_per_second":0.122,"train/epoch":3,"_timestamp":1.768937152416273e+09,"train/global_step":330,"train_runtime":2698.446,"train/grad_norm":1.1422603609847677}