{"train/loss":0.5094,"train/learning_rate":3.3357581488030476e-09,"total_flos":9.2748644352e+12,"_timestamp":1.7689043622823393e+09,"_wandb":{"runtime":803},"_step":96,"train_runtime":803.1573,"train_steps_per_second":0.12,"train_samples_per_second":3.735,"train_loss":0.4947149474173784,"train/global_step":96,"train/epoch":3,"_runtime":803,"train/grad_norm":0.731517979329747}