{"train_steps_per_second":0.03,"total_flos":4.36208467968e+13,"_step":96,"train/global_step":96,"_timestamp":1.7689725794096456e+09,"train_samples_per_second":0.933,"_runtime":3227,"train/epoch":3,"train_loss":0.32884994118163985,"train_runtime":3215.0226,"_wandb":{"runtime":3227},"train/loss":0.3114,"train/grad_norm":0.3027519277235346,"train/learning_rate":3.3357581488030476e-09}