{"train/global_step":153,"_timestamp":1.7689189104211872e+09,"train_runtime":1275.5803,"train_samples_per_second":3.805,"_wandb":{"runtime":1274},"train/grad_norm":0.860873706890618,"train/learning_rate":1.3145575040801605e-09,"train/loss":0.4861,"_step":153,"train_steps_per_second":0.12,"total_flos":1.3278482792448e+13,"train_loss":0.5858873251606437,"_runtime":1274,"train/epoch":3}